,,,,,Input,,,,,,,,,,,,,,,Synthesis,,Objective 1,Objective 2,,,Objective 3
Synthesis number,Formula,MW for secondary element,MW for the third element,MW for the forth element,Precursor 1,amount of precursor 1 (mmol),Precursor 2,amount of precursor 2 (mmol),Precursor 3,amount of precursor 3 (mmol),Precursor 4,amount of precursor 4 (mmol),C2H6O amount (mL),H2O amount (mL),Gelation agent,amount (mL),Anneal temp,Annealing time (h),Wash with Actone and H2O,XRD file number,Synthesis,OP (10mA/cm2),ICP-2h (%),1h voltage ,2h voltage ,ICP-2h (%)
0224-1,Ru0.5Sn0.5,118.71,,,RuCl3,1.35,SnCl2,1.35,,,,,4,0,CH3CHCH2O,2,/,,,,N,,,,,
0224-2,Ru0.5Cr0.5,51.996,,,RuCl3,1.35,Cr(NO3)3,1.35,,,,,4,0,CH3CHCH2O,2,400,12,0,1,C,202,5.959078825,1.2767372,1.276534,
0224-2,Ru0.5Cr0.5,51.996,,,RuCl3,1.35,Cr(NO3)3,1.35,,,,,4,0,CH3CHCH2O,2,500,2,0,2,C,184,3.731239314,1.287976,1.2886124,
0224-2,Ru0.5Cr0.5,51.996,,,RuCl3,1.35,Cr(NO3)3,1.35,,,,,4,0,CH3CHCH2O,2,600,2,0,3,C,191,3.977338305,1.2876443,1.2893419,
0224-3,Cr0.5Sn0.5,51.996,118.71,,Cr(NO3)3,1.35,SnCl2,1.35,,,,,4,0,CH3CHCH2O,2,400,12,0,4,C,N,,,,
0224-3,Cr0.5Sn0.5,51.996,118.71,,Cr(NO3)3,1.35,SnCl2,1.35,,,,,4,0,CH3CHCH2O,2,500,2,0,5,C,N,,,,
0224-3,Cr0.5Sn0.5,51.996,118.71,,Cr(NO3)3,1.35,SnCl2,1.35,,,,,4,0,CH3CHCH2O,2,600,2,0,6,C,N,,,,
0224-4,Ru0.33Cr0.33Sn0.33,51.996,118.71,,RuCl3,0.9,Cr(NO3)3,0.9,SnCl2,0.9,,,4,0,CH3CHCH2O,2,400,12,0,7,C,N,,,,
0224-4,Ru0.33Cr0.33Sn0.33,51.996,118.71,,RuCl3,0.9,Cr(NO3)3,0.9,SnCl2,0.9,,,4,0,CH3CHCH2O,2,500,2,0,8,C,N,,,,
0224-4,Ru0.33Cr0.33Sn0.33,51.996,118.71,,RuCl3,0.9,Cr(NO3)3,0.9,SnCl2,0.9,,,4,0,CH3CHCH2O,2,600,2,0,9,C,N,,,,
0224-5,Ru0.6Cr0.2Sn0.2,51.996,118.71,,RuCl3,1.62,Cr(NO3)3,0.54,SnCl2,0.54,,,4,0,CH3CHCH2O,2,600,2,0,10,C,N,,,,
0224-6,Ru0.6Cr0.2Sn0.1Ti0.1,51.996,118.71,47.867,RuCl3,1.62,Cr(NO3)3,0.54,SnCl2,0.27,[(CH3)2CHO]2Ti(C5H7O2)2,0.27,4,0,CH3CHCH2O,2,400,2,0,11,C,239,0.996124836,1.4316992,1.441224,1.033028621
0315-1,Ru0.5Ti0.5,47.867,,,RuCl3,1.35,[(CH3)2CHO]2Ti(C5H7O2)2,1.35,,,,,4,0,CH3CHCH2O,2,/,,0,,N,,,,,
0315-2,Ru0.5Sr0.5,87.62,,,RuCl3,1.35,SrCl2,1.35,,,,,4,0,CH3CHCH2O,2,600,2,0,14,H,195,2.959447789,1.3624207,1.5087911,2.568012455
0315-3,Ru0.5Ta0.5,171.9449,,,RuCl3,1.35,TaCl5,1.35,,,,,4,0,CH3CHCH2O,2,600,2,0,,N,,,,,
0315-4,Ru0.5Ni0.5,58.6934,,,RuCl3,1.35,NiCl2,1.35,,,,,4,0,CH3CHCH2O,2,600,2,0,13,H,365,,,,
0315-5,Ru0.5Y0.5,88.90584,,,RuCl3,1.35,YCl3,1.35,,,,,4,0,CH3CHCH2O,2,600,2,0,12,H,249,16.36584438,1.434576,1.5899731,17.53096724
0315-6,Ru0.69Ce0.31,140.116,,,RuCl3,1.35,Ce(NO3)3,0.606,,,,,4,0,CH3CHCH2O,2,600,2,0,15,C,215,0.580380142,1.372758,1.4711779,0.359675415
0315-7,Ru0.5Co0.5,58.933,,,RuCl3,1.35,CoCl2,1.35,,,,,4,0,CH3CHCH2O,2,600,2,0,16,H,218,0.151026874,1.3513006,1.368398,0.146428685
0315-8,Ru0.5Hf0.5,178.49,,,RuCl3,1.35,HfCl5,1.35,,,,,4,0,CH3CHCH2O,2,600,2,0,17,C,382,,,,
0324-1,Ru0.87Ce0.13,140.116,,,RuCl3,1.0125,Ce(NO3)3,0.152,,,,,2,0,CH3CHCH2O,1,400,2,0,18,C,218,0.454857217,1.591329,1.591329,0.378979798
0324-2,Ru0.43Ce0.57,140.116,,,RuCl3,0.3375,Ce(NO3)3,0.454,,,,,2,0,CH3CHCH2O,1,400,2,0,,N,,,,,
0327-1,Ru0.5Er0.5,167.259,,,RuCl3,0.3375,ErCl2,0.3375,,,,,1,0,CH3CHCH2O,0.5,400,2,0,19,C,473,4.316839359,1.5937998,1.5937998,3.938347669
0327-3,Ru0.5Fe0.5,55.845,,,RuCl3,0.3375,FeCl3,0.3375,,,,,1,0,CH3CHCH2O,0.5,400,2,0,21,C,217,0.270723787,1.3285087,1.3389122,0.301149719
0330-1,Ru0.5Rb0.5,85.468,,,RuCl3,0.3375,RbCl,0.3375,,,,,1,0,CH3CHCH2O,0.5,600,2,0,24,C,211,0.147650539,1.4468721,1.4589596,0.089157117
0330-2,Ru0.5Nd0.5,144.242,,,RuCl3,0.3375,NdCl3,0.3375,,,,,1,0,CH3CHCH2O,0.5,600,2,0,25,C,N,,1.4604508,1.4603776,
0330-3,Ru0.5W0.5,183.84,,,RuCl3,0.3375,WCl6,0.3375,,,,,1,0,CH3CHCH2O,0.5,600,2,0,,H,252,,,,
0330-4,Ru0.5Pd0.5,106.42,,,RuCl3,0.3375,PdCl2,0.3375,,,,,1,0,CH3CHCH2O,0.5,600,2,0,26,C,203,2.994936861,1.2669917,1.2661817,1.475261878
0330-5,Ru0.5Pt0.5,195.084,,,RuCl3,0.3375,PtCl2,0.3375,,,,,1,0,CH3CHCH2O,0.5,,,0,,N,,,,,
0330-6,Ru0.5La0.5,138.90547,,,RuCl3,0.3375,LaCl3,0.3375,,,,,1,0,CH3CHCH2O,0.5,600,2,0,27,H,386,,,,
0330-7,Ru0.5Au0.5,196.96657,,,RuCl3,0.3375,AuHCl4,0.3375,,,,,1,0,CH3CHCH2O,0.5,600,2,0,0330-7,C,188,6.0752928,1.2654761,1.2661762,2.556169776
0330-8,Ru0.5Sb0.5,121.76,,,RuCl3,0.3375,SbCl3,0.3375,,,,,1,0,CH3CHCH2O,0.5,600,2,0,28,H,N,,,,
0403-1,Ru0.5Mn0.5,54.938,,,RuCl3,0.3375,Mn(NO3)2,0.3375,,,,,1,0,CH3CHCH2O,0.5,,,0,,N,,,,,
0403-2,Ru0.5Bi0.5,208.98,,,RuCl3,0.3375,BiCl3,0.3375,,,,,1,0,CH3CHCH2O,0.5,400,2,0,29,H,191,0.552181656,1.2711093,1.2698382,
0403-3,Ru0.5Re0.5,186.207,,,RuCl3,0.3375,ReCl5,0.3375,,,,,1,0,CH3CHCH2O,0.5,,,0,,N,,,,,
0403-4,Ru0.5Rh0.5,102.9055,,,RuCl3,0.3375,RhCl3,0.3375,,,,,1,0,CH3CHCH2O,0.5,400,2,0,30,C,405,0.118251602,1.6006906,1.6006906,0.110794371
0403-5,Ru0.5Pb0.5,207.2 ,,,RuCl3,0.3375,PbCl2,0.3375,,,,,1,0,CH3CHCH2O,0.5,400,2,0,31,H,260,,,,
0403-6,Ru0.5K0.5,39.0983,,,RuCl3,0.3375,KCl,0.3375,,,,,1,0,CH3CHCH2O,0.5,400,2,0,32,C,213,0.455211073,1.4151636,1.4305638,0.433128329
0410-1,Ru0.75Li0.25,6.941,,,RuCl3,0.50625,LiCl,0.16875,,,,,1,0,CH3CHCH2O,0.5,400,2,0,33,C,143,2.775233112,1.2431653,1.240909,
0410-2,Ru0.75Ti0.25,47.867,,,RuCl3,0.50625,[(CH3)2CHO]2Ti(C5H7O2)2,0.16875,,,,,1,0,CH3CHCH2O,0.5,,,0,,N,,,,,
0410-4,Ru0.75Sn0.25,118.71,,,RuCl3,0.50625,SnCl2,0.16875,,,,,1,0,CH3CHCH2O,0.5,400,2,0,35,C,290,0.754894627,1.5919973,1.5919973,0.78606517
0410-6,Ru0.75Re0.25,186.207,,,RuCl3,0.50625,ReCl5,0.16875,,,,,1,0,CH3CHCH2O,0.5,,,0,,N,,,,,
0410-7,Ru0.75Pt0.25,195.084,,,RuCl3,0.50625,PtCl2,0.16875,,,,,1,0,CH3CHCH2O,0.5,,,0,,N,,,,,
0410-8,Ru0.5Na0.5,22.989769,,,RuCl3,0.3375,NaCl,0.3375,,,,,1,0,CH3CHCH2O,0.5,400,2,0,37,C,177,1.09060161,1.2446362,1.2473654,
0410-9,Ru0.5Mg0.5,24.305,,,RuCl3,0.3375,MgCl2,0.3375,,,,,1,0,CH3CHCH2O,0.5,400,2,0,38,C,175,,,,
0417-1,Co0.75Li0.25,58.933,6.941,,CoCl2,2.025,LiCl,0.675,,,,,4,0,CH3CHCH2O,2,400,2,0,41,H,N,,,,
0417-2,Co0.75Mn0.25,58.933,54.938,,CoCl2,2.025,Mn(NO3)2,0.675,,,,,4,0,CH3CHCH2O,2,,,0,,N,,,,,
0417-3,Ru0.75Na0.25,22.989769,,,RuCl3,0.50625,NaCl,0.16875,,,,,1,0,CH3CHCH2O,0.5,400,2,0,42,C,163,0.557212137,1.2428296,1.2460818,
0417-4,Ru0.85Li0.15,6.941,,,RuCl3,0.57375,LiCl,0.10125,,,,,1,0,CH3CHCH2O,0.5,400,2,0,43,C,174,1.674334249,1.2590529,1.2658799,
0417-5,Ru0.75Cr0.25,51.9961,,,RuCl3,0.50625,Cr(NO3)3,0.16875,,,,,1,0,CH3CHCH2O,0.5,400,2,0,,C,173,1.213054277,1.2587285,1.2618506,
0428-1,Ru0.5Ba0.5,137.327,,,RuCl3,0.3375,BaCl2,0.3375,,,,,1,0,CH3CHCH2O,0.5,400,2,0,45,H,206,0.71548191,1.3069435,1.317893,0.394248461
0428-2,Ru0.5Ag0.5,107.8682,,,RuCl3,0.3375,AgNO3,0.3375,,,,,1,0,CH3CHCH2O,0.5,,,0,,N,,,1.5078691,1.4943861,
0428-3,Ru0.51K0.49,39.0983,,,RuCl3,0.50625,KCl,0.496,,,,,1,0,CH3CHCH2O,0.5,400,2,0,46,H,178,0.534504811,1.2667274,1.2681656,0.461337627
0428-5,Ru0.75Cs0.25,132.90545,,,RuCl3,0.50625,CsCl,0.16875,,,,,1,0,CH3CHCH2O,0.5,400,2,0,48,H,157,0.406471509,1.2445353,1.2467768,0.317580237
0428-6,Ru0.66K0.34,39.0983,,,RuCl3,0.57375,KCl,0.298,,,,,1,0,CH3CHCH2O,0.5,400,2,0,49,H,186,0.330013579,1.2760963,1.2792429,0.348886177
0428-7,Ru0.85Rb0.15,85.4678,,,RuCl3,0.57375,RbCl,0.10125,,,,,1,0,CH3CHCH2O,0.5,400,2,0,50,H,167,0.586106679,1.2553266,1.2564576,0.523111511
0428-8,Ru0.85Cs0.15,132.90545,,,RuCl3,0.57375,CsCl,0.10125,,,,,1,0,CH3CHCH2O,0.5,400,2,0,51,H,170,0.314174288,1.2552911,1.2576678,0.283418697
0428-9,Ru0.85Na0.15,22.989769,,,RuCl3,0.57375,NaCl,0.10125,,,,,1,0,CH3CHCH2O,0.5,400,2,0,52,C,168,0.327124242,1.2508816,1.2529711,
0428-10,Ru0.5Zn0.5,65.38,,,RuCl3,0.3375,ZnCl2,0.3375,,,,,1,0,CH3CHCH2O,0.5,400,2,0,65,H,207,0.101635924,1.3078249,1.3104284,0.076016647
0502-2,Ru0.5Ir0.5,192.217,,,RuCl3,0.3375,(NH4)2IrCl6,0.3375,,,,,1,0,CH3CHCH2O,0.5,,,0,,N,,,,,
0511-1,Ru0.25Ba0.75,137.327,,,RuCl3,0.16875,BaCl2,0.50625,,,,,1,0,CH3CHCH2O,0.5,,,0,,N,,,,,
0511-2,Ru0.25Na0.75,22.989769,,,RuCl3,0.16875,NaCl,0.50625,,,,,1,0,CH3CHCH2O,0.5,400,2,0,68,C,209,0.767170515,1.3505044,1.3648108,0.792237029
0511-3,Ru0.25Cr0.75,51.996,,,RuCl3,0.16875,Cr(NO3)3,0.50625,,,,,1,0,CH3CHCH2O,0.5,400,2,0,69,C,461,9.766525378,1.5999843,1.5999843,7.361558558
0511-4,Ru0.25Mn0.75,54.938,,,RuCl3,0.16875,Mn(NO3)2,0.50625,,,,,1,0,CH3CHCH2O,0.5,400,2,0,70,H,N,,,,
0511-5,Ru0.25Sn0.75,118.71,,,RuCl3,0.16875,SnCl2,0.50625,,,,,1,0,CH3CHCH2O,0.5,400,2,0,,N,,,,,
0511-6,Ru0.25Ta0.75,180.94788,,,RuCl3,0.16875,TaCl5,0.50625,,,,,1,0,CH3CHCH2O,0.5,400,2,0,,N,,,,,
0511-7,Ru0.25Mg0.75,24.305,,,RuCl3,0.16875,MgCl2,0.50625,,,,,1,0,CH3CHCH2O,0.5,400,2,0,71,C,N,,,,
0511-8,Ru0.25Mo0.75,95.95,,,RuCl3,0.16875,MoCl5,0.50625,,,,,1,0,CH3CHCH2O,0.5,400,2,0,72,H,310,3.823013951,1.4595062,1.5939832,4.144749961
0511-9,Ru0.25Zr0.75,91.224,,,RuCl3,0.16875,ZrCl4,0.50625,,,,,1,0,CH3CHCH2O,0.5,400,2,0,73,C,N,,,,
0512-1,Ru0.25Er0.75,167.259,,,RuCl3,0.16875,ErCl2,0.50625,,,,,1,0,CH3CHCH2O,0.5,400,2,0,74,C,N,,,,
0512-2,Ru0.25Hf0.75,178.49,,,RuCl3,0.16875,HfCl5,0.50625,,,,,1,0,CH3CHCH2O,0.5,400,2,0,75,C,N,,,,
0512-3,Ru0.25Y0.75,88.90584,,,RuCl3,0.16875,YCl3,0.50625,,,,,1,0,CH3CHCH2O,0.5,400,2,0,76,C,251,,,,
0512-4,Ru0.25Ca0.75,40.078,,,RuCl3,0.16875,CaCl2,0.50625,,,,,1,0,CH3CHCH2O,0.5,400,2,0,53,C,258,3.065455625,1.589782,1.589782,2.496553858
0512-6,Ru0.25Cu0.75,63.546,,,RuCl3,0.16875,CuCl2,0.50625,,,,,1,0,CH3CHCH2O,0.5,400,2,0,54,C,217,0.231346783,1.3585523,1.3604089,0.23732607
0512-7,Ru0.25Nd0.75,144.242,,,RuCl3,0.16875,NdCl3,0.50625,,,,,1,0,CH3CHCH2O,0.5,400,2,0,55,C,637,,,,
0512-8,Ru0.25Pd0.75,106.42,,,RuCl3,0.16875,PdCl2,0.50625,,,,,1,0,CH3CHCH2O,0.5,400,2,0,56,H,164,,,,
0512-9,Ru0.25Au0.75,196.96657,,,RuCl3,0.16875,AuHCl4,0.50625,,,,,1,0,CH3CHCH2O,0.5,400,2,0,,H,,,,,
0512-10,Ru0.25Rh0.75,102.9055,,,RuCl3,0.16875,RhCl3,0.50625,,,,,1,0,CH3CHCH2O,0.5,400,2,0,,N,,,,,
0515-1,Ru0.25Bi0.75,208.98,,,RuCl3,0.16875,BiCl3,0.50625,,,,,1,0,CH3CHCH2O,0.5,400,2,0,,N,,,,,
0515-2,Ru0.25W0.75,183.84,,,RuCl3,0.16875,WCl6,0.50625,,,,,1,0,CH3CHCH2O,0.5,400,2,0,57,C,N,,,,
0515-3,Ru0.25Rb0.75,85.4678,,,RuCl3,0.16875,RbCl,0.50625,,,,,1,0,CH3CHCH2O,0.5,400,2,0,58,H,226,,,,
0515-4,Ru0.25La0.75,138.91,,,RuCl3,0.16875,LaCl3,0.50625,,,,,1,0,CH3CHCH2O,0.5,400,2,0,59,C,N,,,,
0515-5,Ru0.25Sb0.75,121.76,,,RuCl3,0.16875,SbCl3,0.50625,,,,,1,0,CH3CHCH2O,0.5,400,2,0,,N,,,,,
0515-6,Ru0.25K0.75,39.0983,,,RuCl3,0.16875,KCl,0.50625,,,,,1,0,CH3CHCH2O,0.5,400,2,0,60,C,262,0.916065278,1.5947279,1.5947279,0.568073167
0515-7,Ru0.25Cs0.75,132.90545,,,RuCl3,0.16875,CsCl,0.50625,,,,,1,0,CH3CHCH2O,0.5,400,2,0,,,,,,,
0515-8,Ru0.25Sr0.75,87.62,,,RuCl3,0.16875,SrCl2,0.50625,,,,,1,0,CH3CHCH2O,0.5,400,2,0,,N,,,,,
0515-9,Ru0.25Re0.75,186.207,,,RuCl3,0.16875,ReCl3,0.50625,,,,,1,0,CH3CHCH2O,0.5,400,2,0,61,C,153,0.872253946,1.2545333,1.2565304,0.170853529
0515-10,Ru0.25Nb0.75,92.91,,,RuCl3,0.16875,NbCl3,0.50625,,,,,1,0,CH3CHCH2O,0.5,400,2,0,,N,,,,,
0515-11,Ru0.75K0.25,39.0983,,,RuCl3,0.50625,KCl,0.16875,,,,,1,0,CH3CHCH2O,0.5,400,2,0,62,C,214,1.010408392,1.3334146,1.3452868,0.989082928
0515-12,Ru0.5K0.5,39.0983,,,RuCl3,0.3375,KCl,0.3375,,,,,1,0,CH3CHCH2O,0.5,400,2,0,63,C,181,0.929878749,1.2781786,1.2844019,0.800639685
0515-13,Ru0.85K0.15,39.0983,,,RuCl3,0.57375,KCl,0.10125,,,,,1,0,CH3CHCH2O,0.5,400,2,0,64,C,191,0.943279362,1.2847153,1.3085731,1.021822117
0515-14,Ru1,,,,RuCl3,0.675,,,,,,,1,0,CH3CHCH2O,0.5,400,2,0,,C,174,0.38296875,1.2847062,1.3352114,
0525-1,Ru0.5Fe0.5,55.845,,,RuCl3,0.3375,FeCl2,0.3375,,,,,1,0,CH3CHCH2O,0.5,400,2,0,,C,198,0.194523859,1.3027061,1.308972,
0525-2,Ru0.5Al0.5,26.981539,,,RuCl3,0.3375,AlCl3,0.3375,,,,,1,0,CH3CHCH2O,0.5,400,2,0,,H,,,,,
0525-3,Ru0.5Ir0.5,192.217,,,RuCl3,0.3375,IrCl3,0.3375,,,,,1,0,CH3CHCH2O,0.5,400,2,0,,H,195,0.039174577,1.3179234,1.3353854,
0525-4,Ru0.5Li0.5,6.941,,,RuCl3,0.3375,LiCl,0.3375,,,,,1,0,CH3CHCH2O,0.5,400,2,0,0525-4,H,205,1.667133274,1.3985032,1.3985032,
0525-6,Ru0.25Sc0.75,44.955912,,,RuCl3,0.16875,ScCl3,0.50625,,,,,1,0,CH3CHCH2O,0.5,400,2,0,0525-6,C,,,,,
0525-7,Ru0.75Sc0.25,44.955912,,,RuCl3,0.50625,ScCl3,0.16875,,,,,1,0,CH3CHCH2O,0.5,400,2,0,0525-7,C,200,0.539326463,1.3988087,1.3988087,0.546056279
0525-8,Ru0.25Al0.75,26.981539,,,RuCl3,0.16875,AlCl3,0.50625,,,,,1,0,CH3CHCH2O,0.5,400,2,0,0525-8,C,,0.280036341,1.597716,1.597716,
0525-9,Ru0.75Al0.25,26.981539,,,RuCl3,0.50625,AlCl3,0.16875,,,,,1,0,CH3CHCH2O,0.5,400,2,0,0525-9,C,235,0.287390293,1.3996298,1.3996298,
0609-1,Ru0.25Sr0.75,87.62,,,RuCl3,0.16875,SrCl2,0.50625,,,,,1,0,CH3CHCH2O,0.5,400,2,0,,N,,,,,
0609-2,Ru0.25Sb0.75,121.76,,,RuCl3,0.16875,SbCl3,0.50625,,,,,1,0,CH3CHCH2O,0.5,400,2,0,,N,,,,,
0609-3,Ru0.25Fe0.75,55.845,,,RuCl3,0.16875,FeCl3,0.50625,,,,,1,0,CH3CHCH2O,0.5,400,2,1,0609-3,H,393,,,,
0609-4,Ru0.25Nb0.75,92.90638,,,RuCl3,0.16875,NbCl3,0.50625,,,,,1,0,CH3CHCH2O,0.5,400,2,1,,N,,,,,
0609-5,Ru0.25Ce0.75,140.116,,,RuCl3,0.16875,Ce(NO3)3,0.50625,,,,,1,0,CH3CHCH2O,0.5,400,2,1,,N,,,,,
0609-6,Ru0.25Ce0.75,140.116,,,RuCl3,0.16875,CeCl3,0.50625,,,,,1,0,CH3CHCH2O,0.5,400,2,1,0609-6,C,NA,,,,
0616-1,Ru0.33Sr0.33Ce0.33,87.62,140.116,,RuCl3,0.225,SrCl2,0.225,Ce(NO3)3,0.225,,,1,0,CH3CHCH2O,0.5,400,2,1,0616-1,C,NA,,,,
0616-2,Ru0.33Er0.33Mn0.33,167.259,54.938,,RuCl3,0.225,ErCl2,0.225,Mn(NO3)2,0.225,,,1,0,CH3CHCH2O,0.5,400,2,1,0616-2,C,NA,,,,
0616-3,Ru0.33Ir0.33Ag0.33,192.217,107.8682,,RuCl3,0.225,IrCl3,0.225,AgNO3,0.225,,,1,0,CH3CHCH2O,0.5,400,2,1,,N,,,,,
0616-4,Ru0.33Na0.33Cr0.33,22.989769,51.996,,RuCl3,0.225,NaCl,0.225,Cr(NO3)3,0.225,,,1,0,CH3CHCH2O,0.5,400,2,1,0616-4,C,N,,1.5765191,1.5765191,
0616-5,Ru0.33Zn0.33Ti0.33,65.38,47.867,,RuCl3,0.225,ZnCl2,0.225,[(CH3)2CHO]2Ti(C5H7O2)2,0.225,,,1,0,CH3CHCH2O,0.5,400,2,1,,N,,,,,
0616-6,Ru0.33Nb0.33Sc0.33,92.91,44.955912,,RuCl3,0.225,NbCl3,0.225,ScCl3,0.225,,,1,0,CH3CHCH2O,0.5,400,2,1,0616-6,C,NA,,,,
0616-7,Ru0.33Nb0.33Ti0.33,92.91,47.867,,RuCl3,0.225,NbCl3,0.225,[(CH3)2CHO]2Ti(C5H7O2)2,0.225,,,1,0,CH3CHCH2O,0.5,400,2,1,,N,,,,,
0616-8,Ru0.33Ce0.33Ba0.33,140.116,137.327,,RuCl3,0.225,Ce(NO3)3,0.225,BaCl2,0.225,,,1,0,CH3CHCH2O,0.5,400,2,1,,N,,,,,
0616-9,Ru0.33Nb0.33Ir0.33,92.91,192.217,,RuCl3,0.225,NbCl3,0.225,IrCl3,0.225,,,1,0,CH3CHCH2O,0.5,400,2,1,0616-9,C,230,0.267475908,1.3719778,1.3819488,0.244065009
0616-10,Ru0.33Nb0.33Fe0.33,92.91,55.845,,RuCl3,0.225,NbCl3,0.225,FeCl3,0.225,,,1,0,CH3CHCH2O,0.5,400,2,1,0616-10,C,NA,,,,
0619-1,Ru0.33Ti0.33Bi0.33,47.867,208.98,,RuCl3,0.225,[(CH3)2CHO]2Ti(C5H7O2)2,0.225,BiCl3,0.225,,,1,0,CH3CHCH2O,0.5,400,2,1,,N,,,,,
0619-2,Ru0.33Nb0.33Bi0.33,92.91,208.98,,RuCl3,0.225,NbCl3,0.225,BiCl3,0.225,,,1,0,CH3CHCH2O,0.5,400,2,1,0619-2,C,N,0.293232988,1.5997934,1.5997934,0.313720274
0619-3,Ru0.33Pb0.33Ag0.33,207.2 ,107.8682,,RuCl3,0.225,PbCl2,0.225,AgNO3,0.225,,,1,0,CH3CHCH2O,0.5,400,2,1,,N,,,,,
0619-4,Ru0.33Mn0.33Rb0.33,54.938,85.4678,,RuCl3,0.225,Mn(NO3)2,0.225,RbCl,0.225,,,1,0,CH3CHCH2O,0.5,400,2,1,0619-4,N,189,,1.4860708,1.5441014,
0619-5,Ru0.33Sb0.33Sc0.33,121.76,44.955912,,RuCl3,0.225,SbCl3,0.225,ScCl3,0.225,,,1,0,CH3CHCH2O,0.5,400,2,1,0619-5,C,N,,,,
0619-6,Ru0.33W0.33Ce0.33,183.84,140.116,,RuCl3,0.225,WCl6,0.225,Ce(NO3)3,0.225,,,1,0,CH3CHCH2O,0.5,400,2,1,,N,,,,,
0619-7,Ru0.33Nb0.33Al0.33,92.91,26.981539,,RuCl3,0.225,NbCl3,0.225,AlCl3,0.225,,,1,0,CH3CHCH2O,0.5,400,2,1,0619-7,C,N,,,,
0619-8,Ru0.33La0.33Ce0.33,138.90547,140.116,,RuCl3,0.225,LaCl3,0.225,Ce(NO3)3,0.225,,,1,0,CH3CHCH2O,0.5,400,2,1,0619-8,C,N,,,,
0619-9,Ru0.33W0.33Mn0.33,183.84,54.938,,RuCl3,0.225,WCl6,0.225,Mn(NO3)2,0.225,,,1,0,CH3CHCH2O,0.5,400,2,1,0619-9,H,373,,,,
0619-10,Ru0.33Ti0.33Mo0.33,47.867,95.95,,RuCl3,0.225,[(CH3)2CHO]2Ti(C5H7O2)2,0.225,MoCl5,0.225,,,1,0,CH3CHCH2O,0.5,400,2,1,,N,,,,,
0622-1,Ru0.33Nb0.33Re0.33,92.91,186.207,,RuCl3,0.225,NbCl3,0.225,ReCl3,0.225,,,1,0,CH3CHCH2O,0.5,400,2,1,,N,,,,,
0622-2,Ru0.33Ti0.33Re0.33,47.867,186.207,,RuCl3,0.225,[(CH3)2CHO]2Ti(C5H7O2)2,0.225,ReCl3,0.225,,,1,0,CH3CHCH2O,0.5,400,2,1,,N,,,,,
0622-3,Ru0.33Ti0.33Fe0.33,47.867,55.845,,RuCl3,0.225,[(CH3)2CHO]2Ti(C5H7O2)2,0.225,FeCl2,0.225,,,1,0,CH3CHCH2O,0.5,400,2,1,0622-3,H,373,,,,
0622-4,Ru0.33K0.33Ce0.33,39.0983,140.116,,RuCl3,0.225,KCl,0.225,Ce(NO3)3,0.225,,,1,0,CH3CHCH2O,0.5,400,2,1,,N,,,,,
0622-5,Ru0.33Zn0.33Cr0.33,65.38,51.996,,RuCl3,0.225,ZnCl2,0.225,Cr(NO3)3,0.225,,,1,0,CH3CHCH2O,0.5,400,2,1,0622-5,C,581,,,,
0622-6,Ru0.33Er0.33Ce0.33,167.259,140.116,,RuCl3,0.225,ErCl2,0.225,Ce(NO3)3,0.225,,,1,0,CH3CHCH2O,0.5,400,2,1,0622-6,C,N,,,,
0622-7,Ru0.33Y0.33Bi0.33,88.90584,208.98,,RuCl3,0.225,YCl3,0.225,BiCl3,0.225,,,1,0,CH3CHCH2O,0.5,400,2,1,0622-7,H,N,,,,
0622-8,Ru0.33Ti0.33Sn0.33,47.867,118.71,,RuCl3,0.225,[(CH3)2CHO]2Ti(C5H7O2)2,0.225,SnCl2,0.225,,,1,0,CH3CHCH2O,0.5,400,2,1,,N,,,,,
0622-9,Ru0.33K0.33Mn0.33,39.0983,54.938,,RuCl3,0.225,KCl,0.225,Mn(NO3)2,0.225,,,1,0,CH3CHCH2O,0.5,400,2,1,,N,,,,,
0622-10,Ru0.33Bi0.33Ag0.33,208.98,107.8682,,RuCl3,0.225,BiCl3,0.225,AgNO3,0.225,,,1,0,CH3CHCH2O,0.5,400,2,1,,N,,,,,
0629-1,Ru0.33Al0.33Bi0.33,26.981539,208.98,,RuCl3,0.225,AlCl3,0.225,BiCl3,0.225,,,1,0,CH3CHCH2O,0.5,400,2,1,0629-1,C,626,,,,
0629-2,Ru0.33Mn0.33Ag0.33,54.938,107.8682,,RuCl3,0.225,Mn(NO3)2,0.225,AgNO3,0.225,,,1,0,CH3CHCH2O,0.5,400,2,1,,N,,,,,
0629-3,Ru0.33Ti0.33W0.33,47.867,183.84,,RuCl3,0.225,[(CH3)2CHO]2Ti(C5H7O2)2,0.225,WCl6,0.225,,,1,0,CH3CHCH2O,0.5,400,2,1,,N,,,,,
0629-4,Ru0.33W0.33Cr0.33,183.84,51.996,,RuCl3,0.225,WCl6,0.225,Cr(NO3)3,0.225,,,1,0,CH3CHCH2O,0.5,400,2,1,0629-4,C,N,,,,
0629-5,Ru0.33Ir0.33Al0.33,192.217,26.981539,,RuCl3,0.225,IrCl3,0.225,AlCl3,0.225,,,1,0,CH3CHCH2O,0.5,400,2,1,0629-5,C,280,,,,
0629-6,Ru0.33Al0.33Y0.33,26.981539,88.90584,,RuCl3,0.225,AlCl3,0.225,YCl3,0.225,,,1,0,CH3CHCH2O,0.5,400,2,1,0629-6,C,696,,,,
0629-7,Ru0.33Nb0.33Y0.33,92.91,88.90584,,RuCl3,0.225,NbCl3,0.225,YCl3,0.225,,,1,0,CH3CHCH2O,0.5,400,2,1,0629-7,C,N,,,,
0629-8,Ru0.33Ce0.33Rb0.33,140.116,85.4678,,RuCl3,0.225,Ce(NO3)3,0.225,RbCl,0.225,,,1,0,CH3CHCH2O,0.5,400,2,1,,N,,,,,
0629-9,Ru0.33Na0.33Ce0.33,22.989769,140.116,,RuCl3,0.225,NaCl,0.225,Ce(NO3)3,0.225,,,1,0,CH3CHCH2O,0.5,400,2,1,,H,N,,,,
0629-10,Ru0.33Cr0.33Rb0.33,51.996,85.4678,,RuCl3,0.225,Cr(NO3)3,0.225,RbCl,0.225,,,1,0,CH3CHCH2O,0.5,400,2,1,0629-10,C,N,,,,
0704-1,Ru0.33Sc0.33Ga0.33,44.955912,69.723,,RuCl3,0.225,ScCl3,0.225,GaCl3,0.225,,,1,0,CH3CHCH2O,0.5,400,2,1,0704-1,C,N,,,,
0704-2,Ru0.33Nb0.33Ga0.33,92.91,69.723,,RuCl3,0.225,NbCl3,0.225,GaCl3,0.225,,,1,0,CH3CHCH2O,0.5,400,2,1,,N,,,,,
0704-3,Ru0.33Ti0.33Cu0.33,47.867,63.546,,RuCl3,0.225,[(CH3)2CHO]2Ti(C5H7O2)2,0.225,CuCl2,0.225,,,1,0,CH3CHCH2O,0.5,400,2,1,0704-3,C,N,,,,
0704-4,Ru0.33Sb0.33Ti0.33,121.76,47.867,,RuCl3,0.225,SbCl3,0.225,[(CH3)2CHO]2Ti(C5H7O2)2,0.225,,,1,0,CH3CHCH2O,0.5,400,2,1,,N,,,,,
0704-5,Ru0.33Al0.33Ga0.33,26.981539,69.723,,RuCl3,0.225,AlCl3,0.225,GaCl3,0.225,,,1,0,CH3CHCH2O,0.5,400,2,1,0704-5,C,N,,,,
0704-6,Ru0.33Sb0.33Al0.33,121.76,26.981539,,RuCl3,0.225,SbCl3,0.225,AlCl3,0.225,,,1,0,CH3CHCH2O,0.5,400,2,1,0704-6,C,N,,,,
0704-7,Ru0.33Er0.33Cr0.33,167.259,51.996,,RuCl3,0.225,ErCl2,0.225,Cr(NO3)3,0.225,,,1,0,CH3CHCH2O,0.5,400,2,1,0704-7,C,N,,,,
0704-8,Ru0.33Sc0.33Al0.33,44.955912,26.981539,,RuCl3,0.225,ScCl3,0.225,AlCl3,0.225,,,1,0,CH3CHCH2O,0.5,400,2,1,0704-8,C,N,,,,
0704-9,Ru0.33Nb0.33Sb0.33,92.91,121.76,,RuCl3,0.225,NbCl3,0.225,SbCl3,0.225,,,1,0,CH3CHCH2O,0.5,400,2,1,,N,,,,,
0704-10,Ru0.33Ir0.33Ti0.33,192.217,47.867,,RuCl3,0.225,IrCl3,0.225,[(CH3)2CHO]2Ti(C5H7O2)2,0.225,,,1,0,CH3CHCH2O,0.5,400,2,1,,N,,,,,
0809-1,Ru0.5Ga0.5,69.723,,,RuCl3,0.3375,GaCl3,0.3375,,,,,1,0,CH3CHCH2O,0.5,400,2,1,,N,,,,,
0809-2,Ru0.75Ga0.25,69.723,,,RuCl3,0.50625,GaCl3,0.16875,,,,,1,0,CH3CHCH2O,0.5,400,10,1,0809-2,C,182,1.26869295,1.3041704,1.3025818,1.297156104
1013-1,Ru0.1Zr0.2Pt0.7,91.224,195.084,,RuCl3,0.0675,ZrCl4,0.135,PtCl2,0.4725,,,1,0,CH3CHCH2O,0.5,400,2,1,,N,,,,,
1013-2,Ru0.3Hf0.2Zr0.5,178.49,91.224,,RuCl3,0.2025,ZrCl4,0.3375,HfCl5,0.135,,,1,0,CH3CHCH2O,0.5,400,10,1,1013-2,C,N,,,,
1013-3,Ru0.1Zn0.1Rh0.8,65.38,102.9055,,RuCl3,0.0675,ZnCl2,0.0675,RhCl3,0.54,,,0.1,0.9,CH3CHCH2O,0.5,400,2,1,,N,,,,,
1013-4,Ru0.5Hf0.1Zr0.4,178.49,91.224,,RuCl3,0.3375,ZrCl4,0.27,HfCl5,0.0675,,,1,0,CH3CHCH2O,0.5,400,10,1,1013-4,C,165,2.664635767,1.2507641,1.2546959,1.044734711
1013-5,Ru0.5Zr0.3Pt0.2,91.224,195.084,,RuCl3,0.3375,ZrCl4,0.2025,PtCl2,0.135,,,1,0,CH3CHCH2O,0.5,400,2,1,,N,,,,,
1013-6,Ru0.6Zr0.2Sn0.2,91.224,118.71,,RuCl3,0.405,ZrCl4,0.135,SnCl2,0.135,,,1,0,CH3CHCH2O,0.5,400,2,1,1013-6,C,322,,,,
1013-8,Ru0.1Ga0.2Rh0.7,69.723,102.9055,,RuCl3,0.0675,GaCl3,0.135,RhCl3,0.4725,,,0.1,0.9,CH3CHCH2O,0.5,400,2,1,,N,,,,,
1013-9,Ru0.1Fe0.2Rh0.7,55.845,102.9055,,RuCl3,0.0675,FeCl3,0.135,RhCl3,0.4725,,,0.1,0.9,CH3CHCH2O,0.5,400,2,1,,N,,,,,
1013-10,Ru0.4Zr0.3Pt0.3,91.224,195.084,,RuCl3,0.27,ZrCl4,0.2025,PtCl2,0.2025,,,1,0,CH3CHCH2O,0.5,400,2,1,,N,,,,,
1016-1,Ru0.1Re0.8Ir0.1,186.207,192.217,,RuCl3,0.0675,ReCl3,0.54,IrCl3,0.0675,,,1,0,CH3CHCH2O,0.5,400,2,1,1016-1,C,177,1.534738706,1.2676326,1.2712865,0.254829135
1016-2,Ru0.3Re0.6Pd0.1,186.207,106.42,,RuCl3,0.2025,ReCl5,0.405,PdCl2,0.0675,,,1,0,CH3CHCH2O,0.5,400,2,1,,H,,,,,
1016-4,Ru0.2Cu0.5Re0.3,63.546,186.207,,RuCl3,0.135,ReCl3,0.2025,CuCl2,0.3375,,,1,0,CH3CHCH2O,0.5,400,2,1,,N,,,,,
1016-6,Ru0.5Re0.1Bi0.4,186.207,208.98,,RuCl3,0.3375,ReCl3,0.0675,BiCl3,0.27,,,1,0,CH3CHCH2O,0.5,400,2,1,1016-6,C,361,,,,
1016-7,Ru0.5Re0.1Sb0.4,186.207,121.76,,RuCl3,0.3375,ReCl5,0.0675,SbCl3,0.27,,,1,0,CH3CHCH2O,0.5,400,2,1,1016-7,C,N,,,,
1016-8,Ru0.1Ir0.1Pd0.8,192.217,106.42,,RuCl3,0.0675,PdCl2,0.54,IrCl3,0.0675,,,1,0,CH3CHCH2O,0.5,400,2,1,,N,,,,,
1016-9,Ru0.4Cu0.3Mo0.3,63.546,95.95,,RuCl3,0.27,CuCl2,0.2025,MoCl5,0.2025,,,1,0.3,CH3CHCH2O,0.5,400,2,1,1016-9,C,211,2.404784646,1.4252412,1.4593078,1.630387058
1016-10,Ru0.5Cu0.3Mo0.2,63.546,95.95,,RuCl3,0.3375,CuCl2,0.2025,MoCl5,0.135,,,1,0.2,CH3CHCH2O,0.5,400,10,1,1016-10,C,191,3.687893365,1.2997165,1.3091565,3.667780264
1016-11,Ru0.5Cr0.3Rh0.2,51.996,102.9055,,RuCl3,0.3375,RhCl3,0.135,Cr(NO3)3,0.2025,,,1,0,CH3CHCH2O,0.5,400,10,1,1016-11,C,172,3.751441184,1.3377533,1.3432682,3.847980073
1016-12,Ru0.3Cu0.5Bi0.2,63.546,208.98,,RuCl3,0.2025,CuCl2,0.3375,BiCl3,0.135,,,1,0,CH3CHCH2O,0.5,400,2,1,,N,,,,,
1016-13,Ru0.3Cu0.5Sb0.2,63.546,121.76,,RuCl3,0.2025,CuCl2,0.3375,SbCl3,0.135,,,1,0,CH3CHCH2O,0.5,400,2,1,1016-13,C,N,,,,
1016-14,Ru0.6Cu0.3Ni0.1,63.546,58.6934,,RuCl3,0.405,CuCl2,0.2025,NiCl2,0.0675,,,1,0,CH3CHCH2O,0.5,400,2,1,1016-14,C,184,0.261768881,1.2704394,1.2716717,0.241785129
1016-15,Ru0.1Ni0.6Mo0.3,58.6934,95.95,,RuCl3,0.0675,NiCl2,0.405,MoCl5,0.2025,,,1,0.3,CH3CHCH2O,0.5,400,2,1,,N,,,,,
1016-16,Ru0.8Cs0.1Li0.1,132.905,6.941,,RuCl3,0.54,CsCl,0.0675,LiCl,0.0675,,,1,0.2,CH3CHCH2O,0.5,400,2,1,1016-16,C,211,2.686071213,1.3254099,1.5002807,4.543458825
1017-1,Ru0.4Cu0.3Mo0.3,63.546,95.95,,RuCl3,0.27,MoCl5,0.2025,CuCl2,0.2025,,,0,1,CH3CHCH2O,0.5,400,2,1,,N,,,,,
1017-2,Ru0.6Zr0.2Fe0.2,91.224,55.845,,RuCl3,0.405,ZrCl4,0.135,FeCl2,0.135,,,0,1,CH3CHCH2O,0.5,400,2,1,1017-2,C,265,,,,
1017-3,Ru0.6Zr0.2Co0.2,91.224,58.933,,RuCl3,0.405,ZrCl4,0.135,CoCl2,0.135,,,0,1,CH3CHCH2O,0.5,400,2,1,1017-3,C,293,,,,
1017-4,Ru0.6Zr0.2Cu0.2,91.224,63.546,,RuCl3,0.405,ZrCl4,0.135,CuCl2,0.135,,,0,1,CH3CHCH2O,0.5,400,2,1,1017-4,C,205,0.2326075,1.2940366,1.2982068,0.2450436
1017-5,Ru0.6Zr0.2Ni0.2,91.224,58.6934,,RuCl3,0.405,ZrCl4,0.135,NiCl2,0.135,,,0,1,CH3CHCH2O,0.5,400,2,1,1017-5,C,214,,1.6000464,1.6000464,
1017-6,Ru0.4Zr0.1Sn0.5,91.224,118.71,,RuCl3,0.27,ZrCl4,0.0675,SnCl2,0.3375,,,0,1,CH3CHCH2O,0.5,400,2,1,1017-6,C,333,,,,
1017-7,Ru0.6Zr0.1Ni0.3,91.224,58.6934,,RuCl3,0.405,ZrCl4,0.0675,NiCl2,0.2025,,,0,1,CH3CHCH2O,0.5,400,2,1,1017-7,C,199,0.237730439,1.2612728,1.2609148,0.24712269
1017-9,Ru0.3Cs0.5Ag0.2,132.905,107.8682,,RuCl3,0.2025,CsCl,0.3375,AgNO3,0.135,,,0,1,CH3CHCH2O,0.5,400,2,1,,N,,,,,
1017-10,Ru0.5Al0.1Rh0.4,26.981539,102.9055,,RuCl3,0.3375,AlCl3,0.0675,RhCl3,0.27,,,0,1,CH3CHCH2O,0.5,400,2,1,,N,,,,,
1018-1,Ru0.2Cu0.4Sb0.4,63.546,121.76,,RuCl3,0.135,CuCl2,0.27,SbCl3,0.27,,,0.4,0.6,CH3CHCH2O,0.5,400,2,1,,N,,,,,
1018-3,Ru0.4Cu0.5Bi0.1,63.546,208.98,,RuCl3,0.27,CuCl2,0.3375,BiCl3,0.0675,,,0,1,CH3CHCH2O,0.5,400,2,1,,N,,,,,
1018-4,Ru0.4Cu0.5Sb0.1,63.546,121.76,,RuCl3,0.27,CuCl2,0.3375,SbCl3,0.0675,,,0.1,0.9,CH3CHCH2O,0.5,400,2,1,,N,,,,,
1018-5,Ru0.4Ni0.3Mo0.3,58.6934,95.95,,RuCl3,0.27,NiCl2,0.2025,MoCl5,0.2025,,,0,1,CH3CHCH2O,0.5,400,2,1,,N,,,,,
1018-6,Ru0.7Cu0.1Bi0.2,63.546,208.98,,RuCl3,0.4725,CuCl2,0.0675,BiCl3,0.135,,,0.2,0.8,CH3CHCH2O,0.5,400,2,1,,N,,,,,
1018-7,Ru0.7Cu0.1Sb0.2,63.546,121.76,,RuCl3,0.4725,CuCl2,0.0675,SbCl3,0.135,,,0.2,0.8,CH3CHCH2O,0.5,400,2,1,1018-7,C,241,0.719161874,1.4470308,1.4539313,0.634864805
1018-8,Ru0.2Cu0.1Mo0.7,63.546,95.95,,RuCl3,0.135,CuCl2,0.0675,MoCl5,0.4725,,,0,1,CH3CHCH2O,0.5,400,2,1,1018-8,C,644,2.253612823,1.5998363,1.5998363,6.531576196
1018-9,Ru0.4Bi0.5Mo0.1,208.98,95.95,,RuCl3,0.27,BiCl3,0.3375,MoCl5,0.0675,,,0.5,0.5,CH3CHCH2O,0.5,400,2,1,1018-9,C,399,,,,
1018-10,Ru0.8Cu0.1Sn0.1,63.546,118.71,,RuCl3,0.54,CuCl2,0.0675,SnCl2,0.0675,,,0,1,CH3CHCH2O,0.5,400,2,1,1018-10,C,238,4.828720748,1.3121215,1.3323287,4.259743903
1018-11,Ru0.4Cu0.2Sn0.4,63.546,118.71,,RuCl3,0.27,CuCl2,0.135,SnCl2,0.27,,,0,1,CH3CHCH2O,0.5,400,10,1,1018-11,N,299,,,,
1018-12,Ru0.1Ni0.4Mo0.5,58.6934,95.95,,RuCl3,0.0675,NiCl2,0.27,MoCl5,0.3375,,,0,1,CH3CHCH2O,0.5,400,2,1,,N,,,,,
1018-13,Ru0.2Sn0.4Mo0.4,118.71,95.95,,RuCl3,0.135,SnCl2,0.27,MoCl5,0.27,,,0,1,CH3CHCH2O,0.5,400,2,1,1018-13,C,N,,,,
1018-14,Ru0.8Bi0.1Sb0.1,208.98,121.76,,RuCl3,0.54,BiCl3,0.0675,SbCl3,0.0675,,,0.2,0.8,CH3CHCH2O,0.5,400,2,1,1018-14,C,225,4.062285916,1.329583,1.3810236,4.241275375
1018-15,Ru0.8Ni0.1Mo0.1,58.6934,95.95,,RuCl3,0.54,NiCl2,0.0675,MoCl5,0.0675,,,0,1,CH3CHCH2O,0.5,400,2,1,1018-15,C,198,1.739832005,1.2612728,1.2609148,1.679560882
1204-2,Ru0.5Au0.5,196.96657,,,RuCl3,0.3375,HAuCl4,0.3375,,,,,1,0,CH3CHCH2O,0.5,400,2,1,,N,,,,,
1204-4,Ru0.5V0.5,50.9415,,,RuCl3,0.3375,VCl5,0.3375,,,,,1,0,CH3CHCH2O,0.5,400,2,1,1204-4,C,195,,,,
240213-1,Ru0.25Mn0.75,54.938,,,RuCl3,0.16875,MnCl2,0.50625,,,,,1,0,CH3CHCH2O,0.5,400,2,1,240213-1,C,N,,,,
240213-2,Ru0.5Mn0.5,54.938,,,RuCl3,0.3375,MnCl2,0.3375,,,,,1,0,CH3CHCH2O,0.5,400,2,1,240213-2,C,218,0.497027565,1.4496598,1.4496598,0.475274617
240213-4,Ru0.25Mn0.75,54.938,,,RuCl3,0.16875,MnCl2,0.50625,,,,,0,1,CH3CHCH2O,0.5,400,2,1,,N,,,,,
240213-5,Ru0.5Mn0.5,54.938,,,RuCl3,0.3375,MnCl2,0.3375,,,,,0,1,CH3CHCH2O,0.5,400,2,1,,N,,,,,
240213-6,Ru0.75Mn0.25,54.938,,,RuCl3,0.50625,MnCl2,0.16875,,,,,0,1,CH3CHCH2O,0.5,400,2,1,240213-6,C,157,0.276397982,1.2794214,1.288782,0.259594855
240220-2,Ru0.6Co0.2Ni0.2,58.933,58.6934,,RuCl3,0.405,CoCl2,0.135,NiCl2,0.135,,,1,0,CH3CHCH2O,0.5,400,2,1,240220-2,C,160,1.206117317,1.4497744,1.4497744,1.071640025
240220-3,Ru0.7Cu0.2Ni0.1,63.546,58.6934,,RuCl3,0.4725,CuCl2,0.135,NiCl2,0.0675,,,1,0,CH3CHCH2O,0.5,400,2,1,240220-3,C,194,1.143282413,1.2692437,1.275836,1.112379717
240220-4,Ru0.7Co0.1Ni0.2,58.933,58.6934,,RuCl3,0.4725,CoCl2,0.0675,NiCl2,0.135,,,1,0,CH3CHCH2O,0.5,400,2,1,240220-4,C,230,0.321049228,1.4495262,1.4495262,
240220-5,Ru0.8Co0.1Ni0.1,58.933,58.6934,,RuCl3,0.54,CoCl2,0.0675,NiCl2,0.0675,,,1,0,CH3CHCH2O,0.5,400,2,1,240220-5,C,160,0.405498646,1.2996396,1.4496789,0.37902257
240220-6,Ru0.6Co0.3Ni0.1,58.933,58.6934,,RuCl3,0.405,CoCl2,0.2025,NiCl2,0.0675,,,1,0,CH3CHCH2O,0.5,400,2,1,240220-6,C,162,0.812868491,1.2682059,1.2821497,0.657734235
240220-7,Ru0.6Co0.1Ni0.3,58.933,58.6934,,RuCl3,0.405,CoCl2,0.0675,NiCl2,0.2025,,,1,0,CH3CHCH2O,0.5,400,2,1,240220-7,C,220,0.818649761,1.4494499,1.4494499,0.742918218
240220-8,Ru0.7Co0.1Cu0.2,58.933,63.546,,RuCl3,0.4725,CoCl2,0.0675,CuCl2,0.135,,,1,0,CH3CHCH2O,0.5,400,2,1,240220-8,C,175,2.093948847,1.2379408,1.2424723,1.976110515
240220-9,Ru0.8Co0.1Cu0.1,58.933,63.546,,RuCl3,0.54,CoCl2,0.0675,CuCl2,0.0675,,,1,0,CH3CHCH2O,0.5,400,2,1,240220-9,C,163,2.028904123,1.2618215,1.2962326,1.965183187
240220-10,Ru0.5Co0.3Ni0.2,58.933,58.6934,,RuCl3,0.3375,CoCl2,0.2025,NiCl2,0.135,,,1,0,CH3CHCH2O,0.5,400,2,1,240220-10,C,170,0.265799969,1.3268751,1.3437769,0.227918643
240221-1,Ru0.7Co0.2Ni0.1,58.933,58.6934,,RuCl3,0.4725,CoCl2,0.135,NiCl2,0.0675,,,1,0,CH3CHCH2O,0.5,400,2,1,240221-1,C,167,2.298560928,1.2499154,1.2694885,2.105468808
240221-2,Ru0.5Cs0.4Nb0.1,132.905,92.91,,RuCl3,0.3375,CsCl,0.27,NbCl3,0.0675,,,1,0,CH3CHCH2O,0.5,400,2,1,240221-2,C,201,0.499709469,1.449698,1.449698,0.327209935
240221-3,Ru0.5Co0.2Ni0.3,58.933,58.6934,,RuCl3,0.3375,CoCl2,0.135,NiCl2,0.2025,,,1,0,CH3CHCH2O,0.5,400,2,1,240221-3,C,180,1.021757881,1.4496026,1.4496026,0.969272191
240221-5,Ru0.5Rb0.3Fe0.2,85.4678,55.845,,RuCl3,0.3375,RbCl,0.2025,FeCl2,0.135,,,1,0,CH3CHCH2O,0.5,400,2,1,240221-5,C,156,1.587528966,1.2801028,1.2884957,1.145614968
240221-6,Ru0.6Co0.1Cu0.3,58.933,63.546,,RuCl3,0.405,CoCl2,0.0675,CuCl2,0.2025,,,1,0,CH3CHCH2O,0.5,400,2,1,240221-6,C,189,0.525095894,1.2561039,1.258239,0.502680068
240221-7,Ru0.6Fe0.1Cu0.3,55.845,63.546,,RuCl3,0.405,FeCl2,0.0675,CuCl2,0.2025,,,1,0,CH3CHCH2O,0.5,400,2,1,240221-7,C,168,0.744718411,1.2623988,1.2676111,0.676478248
240221-8,Ru0.6Fe0.1Cu0.3,55.845,63.546,,RuCl3,0.405,FeCl3,0.0675,CuCl2,0.2025,,,1,0,CH3CHCH2O,0.5,400,2,1,240221-8,C,175,0.573130788,1.2721522,1.2779858,0.571424793
240221-9,Ru0.5Rb0.4Ir0.1,85.4678,192.217,,RuCl3,0.3375,RbCl,0.27,IrCl3,0.0675,,,1,0,CH3CHCH2O,0.5,400,2,1,240221-9,C,163,0.305444885,1.2670192,1.2723345,0.192650814
240221-10,Ru0.5Rb0.4Fe0.1,85.4678,55.845,,RuCl3,0.3375,RbCl,0.27,FeCl2,0.0675,,,1,0,CH3CHCH2O,0.5,400,2,1,240221-10,C,147,2.157816239,1.2708402,1.2771845,1.370365364
240222-1,Ru0.5Cs0.4Zn0.1,132.905,65.38,,RuCl3,0.3375,CsCl,0.27,ZnCl2,0.0675,,,1,0,CH3CHCH2O,0.5,400,2,1,240222-1,C,186,0.885631938,1.2619486,1.2631087,0.495401847
240222-2,Ru0.5Rb0.4Fe0.1,85.4678,55.845,,RuCl3,0.3375,RbCl,0.27,FeCl3,0.0675,,,1,0,CH3CHCH2O,0.5,400,2,1,240222-2,C,152,2.245379797,1.2548127,1.2582463,1.40474775
240222-3,Ru0.5Cs0.1Rb0.4,132.905,85.4678,,RuCl3,0.3375,CsCl,0.0675,RbCl,0.27,,,1,0,CH3CHCH2O,0.5,400,2,1,240222-3,C,168,0.437357194,1.2651293,1.2740983,0.254818571
240222-4,Ru0.4Cs0.5Nb0.1,132.905,92.91,,RuCl3,0.27,CsCl,0.3375,NbCl3,0.0675,,,1,0,CH3CHCH2O,0.5,400,2,1,240222-4,C,200,2.775840234,1.2829554,1.2913021,1.340677025
240222-5,Ru0.6Cs0.2Rb0.2,132.905,85.4678,,RuCl3,0.405,CsCl,0.135,RbCl,0.135,,,1,0,CH3CHCH2O,0.5,400,2,1,240222-5,C,162,0.47391597,1.2564971,1.2620351,0.287540385
240222-6,Ru0.6Co0.3Cu0.1,58.933,63.546,,RuCl3,0.405,CoCl2,0.2025,CuCl2,0.0675,,,1,0,CH3CHCH2O,0.5,400,2,1,240222-6,C,186,0.309986198,1.3137648,1.3169822,0.290090373
240222-7,Ru0.6Cs0.3Zn0.1,132.905,65.38,,RuCl3,0.405,CsCl,0.2025,ZnCl2,0.0675,,,1,0,CH3CHCH2O,0.5,400,2,1,240222-7,C,236,1.097135768,1.3340362,1.3444712,0.720532014
240222-8,Ru0.4Co0.5Ni0.1,58.933,58.6934,,RuCl3,0.27,CoCl2,0.3375,NiCl2,0.0675,,,1,0,CH3CHCH2O,0.5,400,2,1,240222-8,C,228,0.72806599,1.4498316,1.4498316,0.685665938
240222-9,Ru0.5Cs0.4Sb0.1,132.905,121.76,,RuCl3,0.3375,CsCl,0.27,SbCl3,0.0675,,,1,0,CH3CHCH2O,0.5,400,2,1,240222-9,C,243,0.408140774,1.4497172,1.4497172,0.326772779
240222-10,Ru0.6Cs0.3Rb0.1,132.905,85.4678,,RuCl3,0.405,CsCl,0.2025,RbCl,0.0675,,,1,0,CH3CHCH2O,0.5,400,2,1,240222-10,C,154,1.790335225,1.2295854,1.2333674,1.054199549
240222-11,Ru0.5Cs0.4Ga0.1,132.905,69.723,,RuCl3,0.3375,CsCl,0.27,GaCl3,0.0675,,,1,0,CH3CHCH2O,0.5,400,2,1,240222-11, C,171,1.102641586,1.2717649,1.2755052,0.595109519
240222-12,Ru0.5Cs0.4Sn0.1,132.905,118.71,,RuCl3,0.3375,CsCl,0.27,SnCl2,0.0675,,,1,0,CH3CHCH2O,0.5,400,2,1,240222-12,C,186,1.220055961,1.2848721,1.3224758,0.752628479
240222-13,Ru0.4Rb0.4Fe0.2,85.4678,55.845,,RuCl3,0.27,RbCl,0.27,FeCl3,0.135,,,1,0,CH3CHCH2O,0.5,400,2,1,240222-13,C,183,2.824247149,1.2522517,1.2550182,1.73325447
240222-14,Ru0.4Cs0.5Ga0.1,132.905,69.723,,RuCl3,0.27,CsCl,0.3375,GaCl3,0.0675,,,1,0,CH3CHCH2O,0.5,400,2,1,240222-14,C,161,1.629164065,1.3433374,1.3504081,0.691178322
240222-15,Ru0.5Cs0.4Fe0.1,132.905,55.845,,RuCl3,0.3375,CsCl,0.27,FeCl2,0.0675,,,1,0,CH3CHCH2O,0.5,400,2,1,240222-15,C,170,0.753628233,1.2450129,1.2473083,0.410838827
240226-1,Ru0.5Cs0.4Fe0.1,132.905,55.845,,RuCl3,0.3375,CsCl,0.27,FeCl3,0.0675,,,1,0,CH3CHCH2O,0.5,400,2,1,240226-1,C,167,2.203578678,1.2377206,1.2394691,1.255215424
240226-2,Ru0.5Co0.1Cu0.4,58.933,63.546,,RuCl3,0.3375,CoCl2,0.0675,CuCl2,0.27,,,1,0,CH3CHCH2O,0.5,400,2,1,240226-2,C,205,0.681043581,1.2921165,1.3007298,0.632817
240226-3,Ru0.5Cs0.4Co0.1,132.905,58.933,,RuCl3,0.3375,CsCl,0.27,CoCl2,0.0675,,,1,0,CH3CHCH2O,0.5,400,2,1,240226-3,C,159,1.868250588,1.2532681,1.2569181,0.980560374
240226-4,Ru0.5Cs0.4Bi0.1,132.905,208.9804,,RuCl3,0.3375,CsCl,0.27,BiCl3,0.0675,,,1,0,CH3CHCH2O,0.5,400,2,1,240226-4,C,236,0.491871188,1.322659,1.3189778,0.301945977
240226-5,Ru0.1Co0.6Ni0.3,58.933,58.6934,,RuCl3,0.0675,CoCl2,0.405,NiCl2,0.2025,,,1,0,CH3CHCH2O,0.5,400,2,1,240226-5,C,N,15.00577864,1.5994611,1.5994611,12.87543685
240226-6,Ru0.6Cs0.3Ir0.1,132.905,192.217,,RuCl3,0.405,CsCl,0.2025,IrCl3,0.0675,,,1,0,CH3CHCH2O,0.5,400,2,1,240226-6,C,155,0.784847828,1.25941,1.2650926,0.485028324
240226-7,Ru0.4Cs0.5Mo0.1,132.905,95.95,,RuCl3,0.27,CsCl,0.3375,MoCl5,0.0675,,,1,0,CH3CHCH2O,0.5,400,2,1,240226-7,C,181,0.806696844,1.4496408,1.4496408,0.483429074
240226-8,Ru0.6Rb0.1Ir0.3,85.4678,192.217,,RuCl3,0.405,RbCl,0.0675,IrCl3,0.2025,,,1,0,CH3CHCH2O,0.5,400,2,1,240226-8,C,163,0.810591315,1.2421954,1.2472322,0.608146731
240226-9,Ru0.5Cs0.4Cu0.1,132.905,63.546,,RuCl3,0.3375,CsCl,0.27,CuCl2,0.0675,,,1,0,CH3CHCH2O,0.5,400,2,1,240226-9,C,206,,,,
240226-10,Ru0.6Cs0.1Ir0.3,132.905,192.217,,RuCl3,0.405,CsCl,0.0675,IrCl3,0.2025,,,1,0,CH3CHCH2O,0.5,400,2,1,240226-10,C,227,0.120439082,1.3986856,1.4039012,0.103303828
240226-11,Ru0.5Cu0.4Ni0.1,63.546,58.6934,,RuCl3,0.3375,CuCl2,0.27,NiCl2,0.0675,,,1,0,CH3CHCH2O,0.5,400,2,1,240226-11,C,220,0.261489512,1.3263897,1.3278458,0.414206923
240226-12,Ru0.5Cs0.4Pb0.1,132.905,207.2,,RuCl3,0.3375,CsCl,0.27,PbCl2,0.0675,,,1,0,CH3CHCH2O,0.5,400,2,1,240226-12,C,263,0.276974622,1.449469,1.449469,0.13878089
240226-13,Ru0.6Cs0.2Ir0.2,132.905,192.217,,RuCl3,0.405,CsCl,0.135,IrCl3,0.135,,,1,0,CH3CHCH2O,0.5,400,2,1,240226-13,C,155,0.610282557,1.2365756,1.2384894,0.440969835
240226-15,Ru0.5Rb0.3Ir0.2,85.4678,192.217,,RuCl3,0.3375,RbCl,0.2025,IrCl3,0.135,,,1,0,CH3CHCH2O,0.5,400,2,1,240226-15,C,173,0.506921706,1.2523832,1.2548876,0.344187451
240507-1,Ru0.5Rb0.2Ir0.3,85.4678,192.217,,RuCl3,0.3375,RbCl,0.135,IrCl3,0.2025,,,1,0,CH3CHCH2O,0.5,400,2,1,240507-1,C,234,1.52851571,1.3863297,1.3868605,1.188703857
240507-2,Ru0.5Rb0.3Fe0.2,85.4678,55.845,,RuCl3,0.3375,RbCl,0.2025,FeCl3,0.135,,,1,0,CH3CHCH2O,0.5,400,2,1,240507-2,C,180,2.086170345,1.2681664,1.274847,1.330373844
240507-3,Ru0.8Cu0.1Ni0.1,63.546,58.6934,,RuCl3,0.54,CuCl2,0.0675,NiCl2,0.0675,,,1,0,CH3CHCH2O,0.5,400,2,1,240507-3,C,175,0.728697957,1.2544501,1.2589259,0.710419493
240507-4,Ru0.6Rb0.3Fe0.1,85.4678,55.845,,RuCl3,0.405,RbCl,0.2025,FeCl2,0.0675,,,1,0,CH3CHCH2O,0.5,400,2,1,240507-4,C,157,1.770165934,1.2602873,1.2643093,1.373787744
240507-5,Ru0.6Rb0.2Ir0.2,85.4678,192.217,,RuCl3,0.405,RbCl,0.135,IrCl3,0.135,,,1,0,CH3CHCH2O,0.5,400,2,1,240507-5,C,225,1.138953064,1.3346064,1.3592868,0.911384489
240507-6,Ru0.6Cs0.3Fe0.1,132.905,55.845,,RuCl3,0.405,CsCl,0.2025,FeCl3,0.0675,,,1,0,CH3CHCH2O,0.5,400,2,1,240507-6,C,189,0.396279757,1.2777343,1.2808692,0.300247715
240507-7,Ru0.7Rb0.2Fe0.1,85.4678,55.845,,RuCl3,0.4725,RbCl,0.135,FeCl2,0.0675,,,1,0,CH3CHCH2O,0.5,400,2,1,240507-7,C,173,1.361479298,1.2525518,1.2542847,1.183906891
240507-8,Ru0.6Rb0.3Ir0.1,85.4678,192.217,,RuCl3,0.405,RbCl,0.2025,IrCl3,0.0675,,,1,0,CH3CHCH2O,0.5,400,2,1,240507-8,C,194,0.708962374,1.2771399,1.2782706,0.550319188
240507-9,Ru0.7Rb0.2Fe0.1,85.4678,55.845,,RuCl3,0.4725,RbCl,0.135,FeCl3,0.0675,,,1,0,CH3CHCH2O,0.5,400,2,1,240507-9,C,167,0.639142561,1.2524186,1.254734,0.548299129
240507-10,Ru0.6Cs0.3Fe0.1,132.905,55.845,,RuCl3,0.405,CsCl,0.2025,FeCl2,0.0675,,,1,0,CH3CHCH2O,0.5,400,2,1,240507-10,C,183,,1.2618266,1.2642442,
240507-11,Ru0.4Cs0.5Ga0.1,132.905,69.723,,RuCl3,0.27,CsCl,0.3375,GaCl3,0.0675,,,1,0,CH3CHCH2O,0.5,400,2,1,240507-11,C,204,,1.1710935,1.8329506,0.164528371
240507-12,Ru0.6Ir0.1Rb0.3,192.217,85.4678,,RuCl3,0.405,(NH4)2IrCl6,0.0675,RbCl,0.2025,,,1,0,CH3CHCH2O,0.5,400,2,1,240507-12,C,167,3.029400575,1.2269171,1.2247678,2.674275245
240507-13,Ru0.8Rb0.1Fe0.1,85.4678,55.845,,RuCl3,0.54,RbCl,0.0675,FeCl2,0.0675,,,1,0,CH3CHCH2O,0.5,400,2,1,240507-13,C,160,0.232520736,1.1835475,1.1640753,0.218408128
240507-14,Ru0.6Rb0.3Ni0.1,85.4678,58.6934,,RuCl3,0.405,RbCl,0.2025,NiCl2,0.0675,,,1,0,CH3CHCH2O,0.5,400,2,1,240507-14,C,200,0.756001794,1.2243736,1.2304904,0.603901598
240507-15,Ru0.7Cs0.2Rb0.1,132.905,85.4678,,RuCl3,0.4725,CsCl,0.135,RbCl,0.0675,,,1,0,CH3CHCH2O,0.5,400,2,1,240507-15,C,166,0.196043169,1.2550339,1.2575568,0.140767452
240507-16,Ru0.8Fe0.1Ni0.1,55.845,58.6934,,RuCl3,0.54,FeCl2,0.0675,NiCl2,0.0675,,,1,0,CH3CHCH2O,0.5,400,2,1,240507-16,C,177,0.174673562,1.2695014,1.2713203,0.172382621
240507-17,Ru0.7Rb0.1Fe0.2,85.4678,55.845,,RuCl3,0.4725,RbCl,0.0675,FeCl2,0.135,,,1,0,CH3CHCH2O,0.5,400,2,1,240507-17,C,162,0.524255605,1.2468135,1.2497417,0.472530944
240507-18,Ru0.5Cs0.3Fe0.2,132.905,55.845,,RuCl3,0.3375,CsCl,0.2025,FeCl3,0.135,,,1,0,CH3CHCH2O,0.5,400,2,1,240507-18,C,186,0.847216251,1.2681314,1.273248,0.525734514
240507-19,Ru0.8Na0.1Li0.1,22.989769,6.941,,RuCl3,0.54,NaCl,0.0675,LiCl,0.0675,,,1,0,CH3CHCH2O,0.5,400,2,1,240507-19,C,180,0.793318292,1.3803509,1.4493129,
240507-20,Ru0.8Fe0.1Cu0.1,55.845,63.546,,RuCl3,0.54,FeCl2,0.0675,CuCl2,0.0675,,,1,0,CH3CHCH2O,0.5,400,2,1,240507-20,C,174,0.485459673,1.2550592,1.258312,0.492439826
240507-21,Ru0.5Cs0.4Rb0.1,132.905,85.4678,,RuCl3,0.3375,CsCl,0.27,RbCl,0.0675,,,1,0,CH3CHCH2O,0.5,400,2,1,240507-21,C,170,1.930144352,1.2534862,1.2579116,1.008412207
240508-1,Ru0.5Rb0.4Co0.1,85.4678,58.933,,RuCl3,0.3375,RbCl,0.27,CoCl2,0.0675,,,0.6,0.4,CH3CHCH2O,0.5,400,2,1,240508-1,N,,,,,
240508-2,Ru0.7Rb0.1Ir0.2,85.4678,192.217,,RuCl3,0.4725,RbCl,0.0675,IrCl3,0.135,,,0.9,0.1,CH3CHCH2O,0.5,400,2,1,240508-2,C,210,6.284781598,1.2743489,1.2782819,5.210111542
240508-3,Ru0.6Cs0.3Co0.1,132.905,58.933,,RuCl3,0.405,CsCl,0.2025,CoCl2,0.0675,,,0.7,0.3,CH3CHCH2O,0.5,400,2,1,240508-3,N,,,,,
240508-4,Ru0.7Rb0.1Ni0.2,85.4678,58.6934,,RuCl3,0.4725,RbCl,0.0675,NiCl2,0.135,,,0.9,0.1,CH3CHCH2O,0.5,400,2,1,240508-4,C,241,1.363927795,1.4493321,1.4493321,1.224307903
240508-5,Ru0.7Rb0.1Co0.2,85.4678,58.933,,RuCl3,0.4725,RbCl,0.0675,CoCl2,0.135,,,0.9,0.1,CH3CHCH2O,0.5,400,2,1,240508-5,C,230,2.31217338,1.2689143,1.2777779,1.970539264
240508-6,Ru0.7Fe0.1Ni0.2,55.845,58.6934,,RuCl3,0.4725,FeCl2,0.0675,NiCl2,0.135,,,1,0,CH3CHCH2O,0.5,400,2,1,240508-6,C,194,0.447525035,1.3183357,1.3378196,0.442593653
240508-7,Ru0.5Rb0.3Co0.2,85.4678,58.933,,RuCl3,0.3375,RbCl,0.2025,CoCl2,0.135,,,0.7,0.3,CH3CHCH2O,0.5,400,2,1,240508-7,N,,,,,
240508-8,Ru0.7Rb0.2Ni0.1,85.4678,58.6934,,RuCl3,0.4725,RbCl,0.135,NiCl2,0.0675,,,0.8,0.2,CH3CHCH2O,0.5,400,2,1,240508-8,N,,,,,
240508-9,Ru0.7Cs0.2Co0.1,132.905,58.933,,RuCl3,0.4725,CsCl,0.135,CoCl2,0.0675,,,0.8,0.2,CH3CHCH2O,0.5,400,2,1,240508-9,N,,,,,
240508-10,Ru0.6Cs0.2Fe0.2,132.905,55.845,,RuCl3,0.405,CsCl,0.135,FeCl3,0.135,,,0.8,0.2,CH3CHCH2O,0.5,400,2,1,240508-10,N,,,,,
240508-11,Ru0.6Rb0.2Co0.2,85.4678,58.933,,RuCl3,0.405,RbCl,0.135,CoCl2,0.135,,,0.8,0.2,CH3CHCH2O,0.5,400,2,1,240508-11,N,,,,,
240508-12,Ru0.8Rb0.1Ni0.1,85.4678,58.6934,,RuCl3,0.54,RbCl,0.0675,NiCl2,0.0675,,,0.9,0.1,CH3CHCH2O,0.5,400,2,1,240508-12,C,197,1.673177135,1.2657957,1.2792592,1.562259057
240508-13,Ru0.7Rb0.2Ir0.1,85.4678,192.217,,RuCl3,0.4725,RbCl,0.135,(NH4)2IrCl6,0.0675,,,0.8,0.2,CH3CHCH2O,0.5,400,2,1,240508-13,C,207,1.982419265,1.2817587,1.2900798,1.539163982
240508-14,Ru0.6Rb0.3Co0.1,85.4678,58.933,,RuCl3,0.405,RbCl,0.2025,CoCl2,0.0675,,,0.7,0.3,CH3CHCH2O,0.5,400,2,1,240508-14,N,,,,,
240508-15,Ru0.6Cs0.3Ni0.1,132.905,58.6934,,RuCl3,0.405,CsCl,0.2025,NiCl2,0.0675,,,0.7,0.3,CH3CHCH2O,0.5,400,2,1,240508-15,N,,,,,
240508-16,Ru0.7Co0.2Pd0.1,58.933,106.42,,RuCl3,0.4725,CoCl2,0.135,PdCl2,0.0675,,,1,0,CH3CHCH2O,0.5,400,2,1,240508-16,C,180,0.369423127,1.2725383,1.2742913,0.314625105
240510-1,Ru0.8Rb0.1Co0.1,85.4678,58.933,,RuCl3,0.54,RbCl,0.0675,CoCl2,0.0675,,,0.9,0.1,CH3CHCH2O,0.5,400,2,1,240510-1,C,214,1.594632386,1.2809761,1.293249,1.434531085
240510-2,Ru0.6Rb0.1Ni0.3,85.4678,58.6934,,RuCl3,0.405,RbCl,0.0675,NiCl2,0.2025,,,0.9,0.1,CH3CHCH2O,0.5,400,2,1,240510-2,C,234,2.636451727,1.4498857,1.4498857,2.252593854
240510-3,Ru0.5Rb0.1Ir0.4,85.4678,192.217,,RuCl3,0.3375,RbCl,0.0675,IrCl3,0.27,,,0.9,0.1,CH3CHCH2O,0.5,400,2,1,240510-3,N,,,,,
240510-4,Ru0.5Rb0.2Ni0.3,85.4678,58.6934,,RuCl3,0.3375,RbCl,0.135,NiCl2,0.2025,,,0.8,0.2,CH3CHCH2O,0.5,400,2,1,240510-4,N,,,,,
240510-5,Ru0.7Cs0.2Ir0.1,132.905,192.217,,RuCl3,0.4725,CsCl,0.135,(NH4)2IrCl6,0.0675,,,0.8,0.2,CH3CHCH2O,0.5,400,2,1,240510-5,C,177,0.244638475,1.2661364,1.2688053,0.203390717
240510-6,Ru0.8Fe0.1Co0.1,55.845,58.933,,RuCl3,0.54,FeCl2,0.0675,CoCl2,0.0675,,,1,0,CH3CHCH2O,0.5,400,2,1,240510-6,C,181,0.384267385,1.2505037,1.2522196,0.377105985
240510-7,Ru0.5Rb0.2Co0.3,85.4678,58.933,,RuCl3,0.3375,RbCl,0.135,CoCl2,0.2025,,,0.8,0.2,CH3CHCH2O,0.5,400,2,1,240510-7,N,,,,,
240510-8,Ru0.7Li0.2Ga0.1,6.941,69.723,,RuCl3,0.4725,LiCl,0.135,GaCl3,0.0675,,,1,0,CH3CHCH2O,0.5,400,2,1,240510-8,C,181,0.621703233,1.2699242,1.2750514,0.598873215
240510-9,Ru0.6Na0.3Fe0.1,22.989769,55.845,,RuCl3,0.405,NaCl,0.2025,FeCl3,0.0675,,,0.7,0.3,CH3CHCH2O,0.5,400,2,1,240510-9,N,,,,,
240510-10,Ru0.6Cs0.3Mo0.1,132.905,95.95,,RuCl3,0.405,CsCl,0.2025,MoCl5,0.0675,,,0.7,0.3,CH3CHCH2O,0.5,400,2,1,240510-10,N,,,,,
240510-11,Ru0.6Na0.2Ir0.2,22.989769,192.217,,RuCl3,0.405,NaCl,0.135,IrCl3,0.135,,,0.8,0.2,CH3CHCH2O,0.5,400,2,1,240510-11,N,,,,,
240510-12,Ru0.8Rb0.1Ir0.1,85.4678,192.217,,RuCl3,0.54,RbCl,0.0675,IrCl3,0.0675,,,0.9,0.1,CH3CHCH2O,0.5,400,2,1,240510-12,C,176,3.116760582,1.2699013,1.2809446,2.77726172
240510-13,Ru0.7Cs0.2Ni0.1,132.905,58.6934,,RuCl3,0.4725,CsCl,0.135,NiCl2,0.0675,,,0.8,0.2,CH3CHCH2O,0.5,400,2,1,240510-13,N,,,,,
240510-14,Ru0.4Rb0.3Fe0.3,85.4678,55.845,,RuCl3,0.27,RbCl,0.2025,FeCl3,0.2025,,,0.7,0.3,CH3CHCH2O,0.5,400,2,1,240510-14,N,,,,,
240510-15,Ru0.7Fe0.1Cu0.2,55.845,63.546,,RuCl3,0.4725,FeCl2,0.0675,CuCl2,0.135,,,1,0,CH3CHCH2O,0.5,400,2,1,240510-15,C,196,0.419733713,1.287169,1.2975466,0.410510625
240510-16,Ru0.4Rb0.2Fe0.4,85.4678,55.845,,RuCl3,0.27,RbCl,0.135,FeCl3,0.27,,,0.8,0.2,CH3CHCH2O,0.5,400,2,1,240510-16,C,N,1.395586701,1.4655206,1.4655206,1.063243976
240510-17,Ru0.7Fe0.2Cu0.1,55.845,63.546,,RuCl3,0.4725,FeCl2,0.135,CuCl2,0.0675,,,1,0,CH3CHCH2O,0.5,400,2,1,240510-17,C,186,0.550853763,1.2654424,1.2706881,0.546428129
240510-18,Ru0.7Na0.2Ga0.1,22.989769,69.723,,RuCl3,0.4725,NaCl,0.135,GaCl3,0.0675,,,0.8,0.2,CH3CHCH2O,0.5,400,2,1,240510-18,C,194,1.206008658,1.4499429,1.4499429,
240510-19,Ru0.4Cs0.4Co0.2,132.905,58.933,,RuCl3,0.27,CsCl,0.27,CoCl2,0.135,,,0.6,0.4,CH3CHCH2O,0.5,400,2,1,240510-19,N,,,,,
240513-1,Ru0.5Ca0.5,40.078,,,RuCl3,0.3375,CaCl2,0.3375,,,,,1,0,CH3CHCH2O,0.5,400,2,1,240513-1,C,202,2.358052815,1.301077,1.3124052,2.15718697
240513-2,Ru0.5Cs0.5,132.905,,,RuCl3,0.3375,CsCl,0.3375,,,,,1,0,CH3CHCH2O,0.5,400,2,1,240513-2,C,156,2.626344489,1.2398031,1.2424721,1.19513626
240513-3,Ru0.5Cu0.5,63.546,,,RuCl3,0.3375,CuCl2,0.3375,,,,,1,0,CH3CHCH2O,0.5,400,2,1,240513-3,C,211,1.320087741,1.3523076,1.3826755,1.300762058
240513-4,Ru0.5Mo0.5,95.95,,,RuCl3,0.3375,MoCl5,0.3375,,,,,1,0,CH3CHCH2O,0.5,400,2,1,240513-4,C,185,2.300223607,1.2793813,1.2805744,2.927783429
240513-5,Ru0.5Zr0.5,91.224,,,RuCl3,0.3375,ZrCl4,0.3375,,,,,1,0,CH3CHCH2O,0.5,400,2,1,240513-5,C,211,0.076103295,1.2857769,1.2851614,0.083375901
240513-6,Ru0.75Mn0.25,54.938,,,RuCl3,0.50625,Mn(NO3)2,0.16875,,,,,1,0,CH3CHCH2O,0.5,400,2,1,240513-6,C,214,0.300612335,1.25695,1.2593987,0.298166057
240513-7,Ru0.75Ta0.25,171.9449,,,RuCl3,0.50625,TaCl5,0.16875,,,,,1,0,CH3CHCH2O,0.5,400,2,1,240513-7,C,367,0.534374925,1.4492366,1.4492366,0.562531164
240513-8,Ru0.75Rb0.25,85.4678,,,RuCl3,0.50625,RbCl,0.16875,,,,,1,0,CH3CHCH2O,0.5,400,2,1,240513-8,C,149,0.502495622,1.2350166,1.2372296,0.40307263
240513-9,Ru0.75Ir0.25,192.217,,,RuCl3,0.50625,IrCl3,0.16875,,,,,1,0,CH3CHCH2O,0.5,400,2,1,240513-9,C,222,0.590669373,1.3329226,1.341451,0.594941505
240513-10,Ru0.5Sc0.5,44.955912,,,RuCl3,0.3375,ScCl3,0.3375,,,,,1,0,CH3CHCH2O,0.5,400,2,1,240513-10,C,N,3.447292233,1.5098672,1.5098672,3.479648704
240513-11,Ru0.5Hf0.1Zr0.4,178.49,91.224,,RuCl3,0.3375,HfCl5,0.0675,ZrCl4,0.27,,,1,0,CH3CHCH2O,0.5,400,2,1,240513-11,C,N,0.38081143,1.4727749,1.4727749,0.401123623
240513-12,Ru0.6Hf0.1Zr0.3,178.49,91.224,,RuCl3,0.405,HfCl5,0.0675,ZrCl4,0.2025,,,1,0,CH3CHCH2O,0.5,400,2,1,240513-12,C,241,0.073316256,1.4056032,1.4045045,0.074108667
240513-13,Ru0.5Cr0.3Rh0.2,51.996,102.9055,,RuCl3,0.3375,Cr(NO3)3,0.2025,RhCl3,0.135,,,1,0,CH3CHCH2O,0.5,400,2,1,240513-13,C,,,1.4513365,1.4513365,
240513-14,Ru0.6Zr0.2Ni0.2,91.224,58.6934,,RuCl3,0.405,ZrCl4,0.135,NiCl2,0.135,,,1,0,CH3CHCH2O,0.5,400,2,1,240513-14,C,N,0.343719871,1.4496375,1.4496375,0.349527013
240513-15,Ru0.6Zr0.2Cu0.2,91.224,63.546,,RuCl3,0.405,ZrCl4,0.135,CuCl2,0.135,,,1,0,CH3CHCH2O,0.5,400,2,1,240513-15,C,245,0.222789651,1.2995613,1.3082043,0.232683172
240513-16,Ru0.5Co0.4Ni0.1,58.933,58.6934,,RuCl3,0.3375,CoCl2,0.27,NiCl2,0.0675,,,1,0,CH3CHCH2O,0.5,400,2,1,240513-16,C,225,0.834039054,1.3201295,1.3186682,0.761396748
240513-17,Ru0.5Cs0.3Bi0.2,132.905,208.98,,RuCl3,0.3375,CsCl,0.2025,BiCl3,0.135,,,1,0,CH3CHCH2O,0.5,400,2,1,240513-17,C,312,0.621313817,1.2363167,1.2384403,0.471823069
240514-0,Ru0.2Ir0.5Cs0.3,192.217,132.905,,RuCl3,0.135,IrCl3,0.3375,CsCl,0.2025,,,1,0,CH3CHCH2O,0.5,400,2,1,240514-0,N,,,,,
240514-1,Ru0.6Rb0.2Fe0.2,85.4678,55.845,,RuCl3,0.405,RbCl,0.135,FeCl2,0.135,,,1,0,CH3CHCH2O,0.5,400,2,1,240514-1,C,175,1.765864294,1.4493512,1.4493512,1.451830816
240514-2,Ru0.5Cs0.3Co0.2,132.905,58.933,,RuCl3,0.3375,CsCl,0.2025,CoCl2,0.135,,,1,0,CH3CHCH2O,0.5,400,2,1,240514-2,C,248,0.845289716,1.4283655,1.4202281,0.55008379
240514-3,Ru0.4Cs0.1Ir0.5,132.905,192.217,,RuCl3,0.27,CsCl,0.0675,IrCl3,0.3375,,,1,0,CH3CHCH2O,0.5,400,2,1,240514-3,C,306,,1.350908,1.3567306,
240514-4,Ru0.5Cs0.1Ir0.4,132.905,192.217,,RuCl3,0.3375,CsCl,0.0675,IrCl3,0.27,,,1,0,CH3CHCH2O,0.5,400,2,1,240514-4,C,264,3.040621977,1.4274833,1.4437248,2.994280768
240514-5,Ru0.4Fe0.1Ir0.5,55.845,192.217,,RuCl3,0.27,FeCl3,0.0675,IrCl3,0.3375,,,1,0,CH3CHCH2O,0.5,400,2,1,240514-5,C,273,0.138858699,1.3765961,1.3614665,0.14205883
240514-6,Ru0.5Zn0.3Cu0.2,65.38,63.546,,RuCl3,0.3375,ZnCl2,0.2025,CuCl2,0.135,,,1,0,CH3CHCH2O,0.5,400,2,1,240514-6,C,207,0.091944848,1.3084792,1.3096544,0.087810625
240514-7,Ru0.6Zn0.3Cu0.1,65.38,63.546,,RuCl3,0.405,ZnCl2,0.2025,CuCl2,0.0675,,,1,0,CH3CHCH2O,0.5,400,2,1,240514-7,C,187,0.100690071,1.2815578,1.2832958,0.098974724
240514-8,Ru0.5Fe0.4Co0.1,55.845,58.933,,RuCl3,0.3375,FeCl2,0.27,CoCl2,0.0675,,,1,0,CH3CHCH2O,0.5,400,2,1,240514-8,C,243,0.592286415,1.3167439,1.3367326,0.595959403
240514-9,Ru0.5Zn0.4Re0.1,65.38,186.207,,RuCl3,0.3375,ZnCl2,0.27,ReCl3,0.0675,,,1,0,CH3CHCH2O,0.5,400,2,1,240514-9,N,,,,,
240514-10,Ru0.4Zn0.5Ga0.1,65.38,69.723,,RuCl3,0.27,ZnCl2,0.3375,GaCl3,0.0675,,,1,0,CH3CHCH2O,0.5,400,2,1,240514-10,C,N,0.301121144,1.4643751,1.4643751,0.310428631
240514-11,Ru0.5Fe0.3Co0.2,55.845,58.933,,RuCl3,0.3375,FeCl2,0.2025,CoCl2,0.135,,,1,0,CH3CHCH2O,0.5,400,2,1,240514-11,C,207,0.485857694,1.4493893,1.4493893,
240514-12,Ru0.4Fe0.4Ni0.2,55.845,58.6934,,RuCl3,0.27,FeCl3,0.27,NiCl2,0.135,,,1,0,CH3CHCH2O,0.5,400,2,1,240514-12,C,N,0.338171781,1.4606526,1.4606526,0.329380402
240514-13,Ru0.6Zn0.2Cu0.2,65.38,63.546,,RuCl3,0.405,ZnCl2,0.135,CuCl2,0.135,,,1,0,CH3CHCH2O,0.5,400,2,1,240514-13,C,160,0.334922859,1.2526839,1.2550862,0.280745715
240514-14,Ru0.5Zn0.4Ni0.1,65.38,58.6934,,RuCl3,0.3375,ZnCl2,0.27,NiCl2,0.0675,,,1,0,CH3CHCH2O,0.5,400,2,1,240514-14,C,181,0.075005696,1.3153511,1.3219767,0.078178632
240514-15,Ru0.4Fe0.4Co0.2,55.845,58.933,,RuCl3,0.27,FeCl2,0.27,CoCl2,0.135,,,1,0,CH3CHCH2O,0.5,400,2,1,240514-15,C,N,0.448112244,1.4611871,1.4611871,0.350848196
240514-16,Ru0.4Zn0.5Ni0.1,65.38,58.6934,,RuCl3,0.27,ZnCl2,0.3375,NiCl2,0.0675,,,1,0,CH3CHCH2O,0.5,400,2,1,240514-16,C,208,0.142235044,1.3286643,1.3467747,0.140006054
240514-17,Ru0.5Mg0.1Zn0.4,24.305,65.38,,RuCl3,0.3375,MgCl2,0.0675,ZnCl2,0.27,,,1,0,CH3CHCH2O,0.5,400,2,1,240514-17,C,182,0.155777011,1.327664,1.3342015,
240519-1,Ru0.6Zr0.1Cu0.3,91.224,63.546,,RuCl3,0.405,ZrCl4,0.0675,CuCl2,0.2025,,,1,0,CH3CHCH2O,0.5,400,2,1,240519-1,C,172,0.412340264,1.3506045,1.3576698,0.42393736
240519-2,Ru0.5Zr0.1Cu0.4,91.224,63.546,,RuCl3,0.3375,ZrCl4,0.0675,CuCl2,0.27,,,1,0,CH3CHCH2O,0.5,400,2,1,240519-2,C,197,0.247474871,1.3420924,1.3370602,0.236283447
240519-3,Ru0.4Zr0.1Cu0.5,91.224,63.546,,RuCl3,0.27,ZrCl4,0.0675,CuCl2,0.3375,,,1,0,CH3CHCH2O,0.5,400,2,1,240519-3,C,248,0.138797729,1.3553697,1.3627486,0.13038364
240519-4,Ru0.6Cs0.1Ir0.3,132.905,192.217,,RuCl3,0.405,CsCl,0.0675,IrCl3,0.2025,,,1,0,CH3CHCH2O,0.5,400,2,1,240519-4,C,189,1.05574078,1.2864065,1.2947785,
240519-5,Ru0.5Zr0.1Zn0.4,91.224,65.38,,RuCl3,0.3375,ZrCl4,0.0675,ZnCl2,0.27,,,1,0,CH3CHCH2O,0.5,400,2,1,240519-5,C,194,0.046695528,1.2897823,1.2931483,0.046145487
240519-7,Ru0.4Zr0.2Cu0.4,91.224,63.546,,RuCl3,0.27,ZrCl4,0.135,CuCl2,0.27,,,1,0,CH3CHCH2O,0.5,400,2,1,240519-7,C,187,0.240242743,1.3079698,1.3186189,0.237324282
240519-9,Ru0.4Rb0.1Ir0.5,85.4678,192.217,,RuCl3,0.27,RbCl,0.0675,IrCl3,0.3375,,,1,0,CH3CHCH2O,0.5,400,2,1,240519-9,C,224,0.236853084,1.3461314,1.3474072,0.248112898
240519-12,Ru0.5Zr0.4Zn0.1,91.224,65.38,,RuCl3,0.3375,ZrCl4,0.27,ZnCl2,0.0675,,,1,0,CH3CHCH2O,0.5,400,2,1,240519-12,C,,,,,
240519-14,Ru0.5Ga0.1Ir0.4,69.723,192.217,,RuCl3,0.3375,GaCl3,0.0675,IrCl3,0.27,,,1,0,CH3CHCH2O,0.5,400,2,1,240519-14,C,196,0.752617598,1.3206753,1.3264335,0.64807438
240519-15,Ru0.6Zr0.1Zn0.3,91.224,65.38,,RuCl3,0.405,ZrCl4,0.0675,ZnCl2,0.2025,,,1,0,CH3CHCH2O,0.5,400,2,1,240519-15,C,167,0.135596003,1.2560301,1.2618283,0.132291336
240519-18,Ru0.5Zr0.4Mo0.1,91.224,95.95,,RuCl3,0.3375,ZrCl4,0.27,MoCl5,0.0675,,,1,0,CH3CHCH2O,0.5,400,2,1,240519-18,C,363,0.344148175,1.449733,1.449733,0.576358108
240519-19,Ru0.5Zr0.2Cu0.3,91.224,63.546,,RuCl3,0.3375,ZrCl4,0.135,CuCl2,0.2025,,,1,0,CH3CHCH2O,0.5,400,2,1,240519-19,C,231,0.332010045,1.3037343,1.3114406,0.33125542
240530-1,Ru0.5Co0.1Rb0.4,58.933,85.4678,,RuCl3,0.3375,CoCl2,0.0675,RbCl,0.27,,,1,0,CH3CHCH2O,0.5,400,2,1,240530-1,C,169,0.397176522,1.2189562,1.2201842,0.246492787
240530-2,Ru0.6Cs0.3Co0.1,132.905,58.933,,RuCl3,0.405,CsCl,0.2025,CoCl2,0.0675,,,1,0,CH3CHCH2O,0.5,400,2,1,240530-2,C,183,1.547620421,1.2711359,1.2738559,1.001548837
240530-3,Ru0.5Co0.2Rb0.3,58.933,85.4678,,RuCl3,0.3375,CoCl2,0.135,RbCl,0.2025,,,1,0,CH3CHCH2O,0.5,400,2,1,240530-3,C,165,0.358566531,1.293442,1.3017751,0.243820562
240530-4,Ru0.7Rb0.2Ni0.1,85.4678,58.6934,,RuCl3,0.4725,RbCl,0.135,NiCl2,0.0675,,,1,0,CH3CHCH2O,0.5,400,2,1,240530-4,C,164,1.476893928,1.2413042,1.248086,1.185000272
240530-5,Ru0.7Cs0.2Co0.1,132.905,58.933,,RuCl3,0.4725,CsCl,0.135,CoCl2,0.0675,,,1,0,CH3CHCH2O,0.5,400,2,1,240530-5,C,225,0.371317331,1.2620622,1.2631264,0.290784693
240530-6,Ru0.6Cs0.2Fe0.2,132.905,55.845,,RuCl3,0.405,CsCl,0.135,FeCl3,0.135,,,1,0,CH3CHCH2O,0.5,400,2,1,240530-6,C,157,0.509466838,1.234833,1.2348711,0.395496829
240530-7,Ru0.6Co0.2Rb0.2,58.933,85.4678,,RuCl3,0.405,CoCl2,0.135,RbCl,0.135,,,1,0,CH3CHCH2O,0.5,400,2,1,240530-7,C,183,0.445086429,1.2350594,1.2345072,0.360328852
240530-8,Rb0.6Co0.1Rb0.3,58.933,85.4678,,RuCl3,0.405,CoCl2,0.0675,RbCl,0.2025,,,1,0,CH3CHCH2O,0.5,400,2,1,240530-8,C,141,0.618638658,1.2351091,1.2343607,0.443818888
240530-9,Rb0.6Cs0.3Ni0.1,132.905,58.6934,,RuCl3,0.405,CsCl,0.2025,NiCl2,0.0675,,,1,0,CH3CHCH2O,0.5,400,2,1,240530-9,C,173,1.777082169,1.2851074,1.2911099,1.120101826
240530-10,Ru0.5Ir0.4Rb0.1,192.217,85.4678,,RuCl3,0.3375,IrCl3,0.27,RbCl,0.0675,,,1,0,CH3CHCH2O,0.5,400,2,1,240530-10,C,144,1.486546759,1.235002,1.2408857,1.319071009
240530-11,Ru0.5Rb0.2Ni0.3,85.4678,58.6934,,RuCl3,0.3375,RbCl,0.135,NiCl2,0.2025,,,1,0,CH3CHCH2O,0.5,400,2,1,240530-11,C,140,0.810451701,1.2835524,1.2867632,0.579245105
240530-12,Ru0.5Co0.3Rb0.2,58.933,85.4678,,RuCl3,0.3375,CoCl2,0.2025,RbCl,0.135,,,1,0,CH3CHCH2O,0.5,400,2,1,240530-12,C,213,0.35281425,1.3798891,1.366037,0.27475482
240530-13,Ru0.6Fe0.1Na0.3,55.845,22.989769,,RuCl3,0.405,FeCl3,0.0675,NaCl,0.2025,,,1,0,CH3CHCH2O,0.5,400,2,1,240530-13,C,141,0.282765154,1.2023702,1.2024335,0.305659857
240530-14,Ru0.6Cs0.3Mo0.1,132.905,95.95,,RuCl3,0.405,CsCl,0.2025,MoCl5,0.0675,,,1,0,CH3CHCH2O,0.5,400,2,1,240530-14,C,172,4.139826853,1.2407143,1.2393566,3.312441729
240530-15,Ru0.6Ir0.2Na0.2,192.217,22.989769,,RuCl3,0.405,IrCl3,0.135,NaCl,0.135,,,1,0,CH3CHCH2O,0.5,400,2,1,240530-15,C,128,1.018162943,1.2165599,1.2210437,
240530-16,Ru0.7Cs0.2Ni0.1,132.905,58.6934,,RuCl3,0.4725,CsCl,0.135,NiCl2,0.0675,,,1,0,CH3CHCH2O,0.5,400,2,1,240530-16,C,152,0.481360616,1.229998,1.2333493,0.362393279
240530-17,Ru0.4Fe0.3Rb0.3,55.845,85.4678,,RuCl3,0.27,FeCl3,0.2025,RbCl,0.2025,,,1,0,CH3CHCH2O,0.5,400,2,1,240530-17,C,N,0.614587711,1.452711,1.452711,0.500025162
240530-18,Ru0.4Cs0.4Co0.2,132.905,58.933,,RuCl3,0.27,CsCl,0.27,CoCl2,0.135,,,1,0,CH3CHCH2O,0.5,400,2,1,240530-18,C,162,0.969627367,1.296147,1.3010324,0.502839008
